onset	duration	trial_type
16.0000016689301	15.9833393096924	checker
48.0000083446503	15.9833326339722	checker
80.0000019073486	15.9833314418793	checker
112.000006198883	15.983332157135	checker
144.00000500679	15.9833364486694	checker
176.000021696091	15.983332157135	checker
208.000025033951	15.9833211898804	checker
